{
  "accuracy": [
    0.671830415725708,
    0.7958061099052429,
    0.8165224194526672,
    0.8240723609924316,
    0.830126166343689,
    0.8384817242622375,
    0.8439600467681885,
    0.8465380668640137,
    0.7325292229652405,
    0.8265813589096069,
    0.8545253872871399,
    0.8749194145202637,
    0.8872111439704895,
    0.8930807709693909,
    0.9032087326049805,
    0.9081576466560364,
    0.9151090979576111,
    0.9203802347183228,
    0.9243854284286499,
    0.9265491366386414,
    0.9307384490966797,
    0.9331092834472656,
    0.938265323638916
  ],
  "loss": [
    1.1358531713485718,
    0.6524321436882019,
    0.5785518884658813,
    0.553524911403656,
    0.5330316424369812,
    0.5011500716209412,
    0.48732420802116394,
    0.4826567769050598,
    0.9944002032279968,
    0.5232836008071899,
    0.4327453076839447,
    0.3746497333049774,
    0.34170079231262207,
    0.31116631627082825,
    0.28936871886253357,
    0.2761600911617279,
    0.2565927803516388,
    0.23125705122947693,
    0.2206796407699585,
    0.2153158187866211,
    0.20176568627357483,
    0.1928134560585022,
    0.18160000443458557
  ],
  "val_accuracy": [
    0.836213231086731,
    0.7658088207244873,
    0.8183823823928833,
    0.8314338326454163,
    0.8341912031173706,
    0.8485293984413147,
    0.8488970398902893,
    0.8705882430076599,
    0.7985293865203857,
    0.8503676652908325,
    0.8439338207244873,
    0.8753676414489746,
    0.8656250238418579,
    0.879963219165802,
    0.893750011920929,
    0.8878676295280457,
    0.9014706015586853,
    0.8943014740943909,
    0.9064338207244873,
    0.8950367569923401,
    0.8952205777168274,
    0.9136029481887817,
    0.9180147051811218
  ],
  "val_loss": [
    0.5440988540649414,
    0.651753842830658,
    0.5487266182899475,
    0.48761072754859924,
    0.49327054619789124,
    0.4570397734642029,
    0.44789132475852966,
    0.37420788407325745,
    0.5569329857826233,
    0.44292786717414856,
    0.4513237774372101,
    0.3858657777309418,
    0.39773744344711304,
    0.34985917806625366,
    0.30887144804000854,
    0.3198812007904053,
    0.2888539731502533,
    0.3087425231933594,
    0.27441200613975525,
    0.29940977692604065,
    0.29886767268180847,
    0.25444045662879944,
    0.2415088266134262
  ],
  "learning_rate": [
    0.0010000000474974513,
    0.0010000000474974513,
    0.0010000000474974513,
    0.0010000000474974513,
    0.0010000000474974513,
    0.0010000000474974513,
    0.0010000000474974513,
    0.0010000000474974513,
    9.999999747378752e-06,
    9.999999747378752e-06,
    9.999999747378752e-06,
    9.999999747378752e-06,
    9.999999747378752e-06,
    9.999999747378752e-06,
    9.999999747378752e-06,
    9.999999747378752e-06,
    9.999999747378752e-06,
    9.999999747378752e-06,
    9.999999747378752e-06,
    9.999999747378752e-06,
    9.999999747378752e-06,
    9.999999747378752e-06,
    9.999999747378752e-06
  ]
}