{
  "accuracy": [
    0.279002845287323,
    0.5415247082710266,
    0.6509990096092224,
    0.7221940755844116,
    0.7774836421012878,
    0.8098471760749817,
    0.8339701890945435,
    0.8536736965179443,
    0.867875874042511,
    0.8793159127235413,
    0.9181014895439148,
    0.9254212379455566,
    0.9301169514656067,
    0.9356873035430908,
    0.938449501991272,
    0.948531448841095,
    0.9549304842948914,
    0.9547232985496521,
    0.9578537940979004
  ],
  "loss": [
    2.515084743499756,
    1.4550552368164062,
    1.0437052249908447,
    0.8181985020637512,
    0.6574816107749939,
    0.5604424476623535,
    0.495716392993927,
    0.4239500164985657,
    0.3877990245819092,
    0.3518369495868683,
    0.23062090575695038,
    0.2105768322944641,
    0.20264436304569244,
    0.18391166627407074,
    0.18086180090904236,
    0.14211063086986542,
    0.12748466432094574,
    0.12627774477005005,
    0.11905991286039352
  ],
  "val_accuracy": [
    0.4207720458507538,
    0.3634191155433655,
    0.3849264681339264,
    0.6979779601097107,
    0.6036764979362488,
    0.7599264979362488,
    0.7136029601097107,
    0.7742646932601929,
    0.565625011920929,
    0.5253676176071167,
    0.9018382430076599,
    0.7939338088035583,
    0.7283087968826294,
    0.6830882430076599,
    0.8882352709770203,
    0.8759191036224365,
    0.7376838326454163,
    0.8088235259056091,
    0.8621323704719543
  ],
  "val_loss": [
    2.3753178119659424,
    2.177232503890991,
    2.047478437423706,
    0.9386765360832214,
    1.6480692625045776,
    0.6566219329833984,
    0.8569566607475281,
    0.721732497215271,
    1.6463104486465454,
    2.2098851203918457,
    0.3025410771369934,
    0.7971086502075195,
    1.0032579898834229,
    1.2011168003082275,
    0.36511778831481934,
    0.3837302625179291,
    0.9653448462486267,
    0.8426113128662109,
    0.49635615944862366
  ],
  "learning_rate": [
    0.0005000000237487257,
    0.0005000000237487257,
    0.0005000000237487257,
    0.0005000000237487257,
    0.0005000000237487257,
    0.0005000000237487257,
    0.0005000000237487257,
    0.0005000000237487257,
    0.0005000000237487257,
    0.0005000000237487257,
    0.0002500000118743628,
    0.0002500000118743628,
    0.0002500000118743628,
    0.0002500000118743628,
    0.0002500000118743628,
    0.0001250000059371814,
    0.0001250000059371814,
    0.0001250000059371814,
    0.0001250000059371814
  ]
}